subset_idx,fold,kmer,score
0,0,AAGCA,0.012630815247455275
0,0,CCTTA,0.009194251508956933
0,0,TGACC,0.008955631315349096
0,0,GGAGT,0.005368893270392016
0,0,CGCCT,0.0053123171519802274
0,0,ACCCT,0.004274303968771395
0,0,CTCAC,0.003101046185895621
0,0,GGGTA,0.002360985580697117
0,0,TGGGC,0.002307551093848355
0,0,GGAAA,0.002230706837881042
0,0,GCGCC,0.002212720238659755
0,0,ACTTG,0.0020309802458946965
0,0,CTGTT,0.0019052598221474383
0,0,GAAGA,0.0018708406083555106
0,0,TCGAA,0.00186275753630213
0,0,ATACC,0.0018143547048051674
0,0,GAGAA,0.0017510980636958617
0,0,TCTTC,0.001602762210440923
0,0,CGAGC,0.0015962469021239913
0,0,TCTCA,0.0015878731227782835
0,0,TGCAA,0.0015528256365333695
0,0,GCCGC,0.0015337917370250426
0,0,GCTCT,0.001530596874205463
0,0,AGCTC,0.0015191155295056033
0,0,AGGGC,0.001516405672553074
0,0,GTAAA,0.001426050282386412
0,0,TCACA,0.0013709108693053924
0,0,CCGAG,0.0013416129871305213
0,0,GCTCC,0.0013222172407500715
0,0,GATAC,0.0012806317802653256
0,0,GGCTG,0.0012781356113502778
0,0,CTTGA,0.0012731241084725023
0,0,TGCCG,0.0012110063738851662
0,0,GCAAG,0.001195833984627781
0,0,CCACT,0.0011905526450599533
0,0,CCTGC,0.0010901090789990253
0,0,CTTGT,0.0010724654757832907
0,0,GAGCT,0.0010556412120181393
0,0,CGGGT,0.001042323433850185
0,0,AGCTG,0.0010419021169823337
0,0,GTAGC,0.0010179101253848478
0,0,CCCAT,0.0010109287967164833
0,0,AAACT,0.0010002942149897657
0,0,GAGTG,0.0009974520429071173
0,0,TACCT,0.0009912497936243035
0,0,AAATG,0.000983717929886048
0,0,GACCC,0.0009555922574307546
0,0,AGAAC,0.0009520132408802768
0,0,CGAAG,0.0009279423898243042
0,0,CGCGC,0.0009247210909085101
0,0,AGCTG,0.00867508432592254
0,0,CTTCG,0.0072448363146149965
0,0,CAGGC,0.003962955112198749
0,0,GCCTC,0.0038234843726617745
0,0,GGAAA,0.003586817308362708
0,0,ACTCG,0.0032627283629164637
0,0,AAAGT,0.003227655338235648
0,0,TTACC,0.0031435845128024915
0,0,AGGGC,0.002902563885751977
0,0,GTAGC,0.0028843169650399542
0,0,TGACC,0.002550415784479624
0,0,AGCAT,0.0024076646350952515
0,0,TTAGC,0.00239850912826607
0,0,GAGTT,0.0023441439472049116
0,0,AACTT,0.0023422438696206332
0,0,CTCAG,0.0020337220595543644
0,0,CCCTC,0.0018938803170100752
0,0,CCGAG,0.0017622565648641932
0,0,CCCAT,0.0017580859452845103
0,0,GCTCT,0.001744559550859842
0,0,ATCCC,0.0017202442669006716
0,0,AGAAC,0.0016872087515980363
0,0,ACCTG,0.0016635156360017248
0,0,GACCC,0.0016282222357140966
0,0,TCCCA,0.0015318807528679629
0,0,CCTCA,0.0014598476419965904
0,0,TGAGC,0.0014480484357799392
0,0,ACTTT,0.0013569448008594743
0,0,AAGAA,0.0013477152370544802
0,0,CCTCT,0.0013399233660065983
0,0,TGCAA,0.0013140503721064832
0,0,TAGCC,0.0012957693403025708
0,0,TGCCG,0.0012887565486402396
0,0,TCGAC,0.0012848186923796873
0,0,GGGCC,0.0012763313141213842
0,0,CGCCG,0.0012733378862760153
0,0,TCGAA,0.0012552819876785737
0,0,CGAGC,0.0012423361101782467
0,0,TTGAG,0.001238473567617945
0,0,CCCTT,0.0012320306107222315
0,0,AACTG,0.0012251962739301015
0,0,CATGC,0.0012168978531676602
0,0,TGCCA,0.001187090593648244
0,0,TCCCT,0.0011781640799648791
0,0,GGGCA,0.0011755533247108918
0,0,CTCTC,0.0011727693210165184
0,0,CACCT,0.001172135124005467
0,0,ACAAT,0.0011636297925409064
0,0,ACCCT,0.0011566516505666525
0,0,GCATG,0.0011557703276714646
0,0,CGGGT,0.008487740913069391
0,0,TCGAA,0.007511331868099879
0,0,AAATG,0.004124165209661047
0,0,CTCAC,0.003473033208444894
0,0,GATCT,0.003332276839807809
0,0,GACCC,0.0032221966209899948
0,0,TACCT,0.0032179787395948387
0,0,AACTG,0.0027513639575027556
0,0,AAGGA,0.002199090209351965
0,0,AGAAC,0.0021484024732945912
0,0,CCCTT,0.002127852156219712
0,0,GGAGG,0.0021063803459506437
0,0,TTAGC,0.002072125314229942
0,0,GAGAA,0.0020689529378012
0,0,AGCAT,0.00203515961766243
0,0,CGCCT,0.0018387826451336045
0,0,GAAGA,0.001793910850243396
0,0,AAACT,0.0017607071582811426
0,0,GCTCT,0.0017582538077630192
0,0,CAAAC,0.001735209521040859
0,0,CCATC,0.0016567243420215975
0,0,CCTTA,0.0015896931290626526
0,0,CCCGT,0.001543571162654693
0,0,TTACC,0.001527020909700049
0,0,TCCCA,0.0015051911573812186
0,0,CGTAC,0.0014983521078724459
0,0,GCCGC,0.0014902205621621695
0,0,GCGCC,0.0014853038522134345
0,0,ACTGA,0.0014699262578085244
0,0,TGTTG,0.0014641675424863056
0,0,GAGGA,0.0014608090810747031
0,0,CTTAC,0.0014165151998939284
0,0,TTGGA,0.001406363245234432
0,0,AGGAG,0.0013985159436622299
0,0,GCCTC,0.0013723434005157057
0,0,TCTAC,0.0013598956796060126
0,0,CGAGC,0.001342487757105425
0,0,AGGCT,0.0013166347810302872
0,0,CTCAG,0.0013101225247584194
0,0,CGCGC,0.0012978450002440486
0,0,CGCAT,0.001266480748911938
0,0,CTGCA,0.0011611232556492448
0,0,AACTT,0.0011311859700335078
0,0,TGTTA,0.0011311465627457723
0,0,GCCGA,0.001106924949640251
0,0,TGCCT,0.0010921655738928232
0,0,GTGGC,0.0010919275143778469
0,0,CCCAT,0.0010913421949708317
0,0,CATGC,0.0010816095823264983
0,0,GTCCC,0.0010737512844154634
0,0,CATGC,0.005152572978691882
0,0,TTCGG,0.00515012909849006
0,0,TCCCA,0.003458159964486777
0,0,GCCTC,0.003173298146351274
0,0,TCAGC,0.0023900667227894426
0,0,CCACT,0.002315887216343937
0,0,AACCC,0.0023147178342543453
0,0,GAGCT,0.002036151128361024
0,0,CGCTC,0.0020162291735051625
0,0,ACTTG,0.00187137013817408
0,0,GAGCG,0.0018323311604649187
0,0,GCATT,0.0017316229192607373
0,0,CCATC,0.0017049206667635814
0,0,AGCAT,0.001637442822915962
0,0,CAGGT,0.0014826961490045111
0,0,AACTG,0.001463295016662184
0,0,CAAGC,0.0013829084584511906
0,0,CGAAG,0.0013615127248936389
0,0,ACCTT,0.0013253569423434246
0,0,AGGGC,0.0012996159942753344
0,0,TGCAA,0.0012844625905335668
0,0,TTTGC,0.0012588377997099635
0,0,CCTGC,0.0012349546494254146
0,0,GCGCA,0.0011790682034320142
0,0,TTTGG,0.001145466174705919
0,0,GTACT,0.001133808170456484
0,0,GACTT,0.0011083141687404678
0,0,GACCC,0.0010961272630346827
0,0,TGTGG,0.0010945647954940796
0,0,CCCCA,0.0010916772017995995
0,0,CTTAC,0.0010575237403433007
0,0,TGTTA,0.0010133088532700595
0,0,CCCTC,0.0010054673416068755
0,0,GGGAT,0.00099621120705662
0,0,ACGCA,0.0009874372058604136
0,0,GAGTT,0.0009146156799362367
0,0,GCCTT,0.0008921649262129542
0,0,CCTTA,0.0008791388876466866
0,0,GAGAT,0.0008646107940788729
0,0,TTGCA,0.000854159873652171
0,0,CTGAG,0.0008538656206016081
0,0,TGGGA,0.0008424502539347453
0,0,GGAAA,0.000839699284139886
0,0,ACCCC,0.0008216150194765573
0,0,GCATG,0.0008154277162379529
0,0,GTGAG,0.0008153338209692254
0,0,AGCCT,0.0008126903908798493
0,0,GGGCC,0.0008052739213748151
0,0,CGCAG,0.0008024610130183668
0,0,GCGTA,0.0007999500775911722
0,0,ATGCC,0.03042112860873521
0,0,CTCAC,0.004715984709650637
0,0,CTCTC,0.004499170211065246
0,0,CCCAT,0.003800631826182446
0,0,CCTCA,0.003437982311090791
0,0,TCTCA,0.0024861646703926914
0,0,CCCTC,0.0024385562233896142
0,0,CGACC,0.0023893300578536757
0,0,AACTT,0.002332333430468318
0,0,AGCTC,0.002205352197928601
0,0,CCTGA,0.0021965277931058264
0,0,TGCAT,0.002194420625287366
0,0,CCTTA,0.0021909379276884608
0,0,GATAC,0.0021456274910863623
0,0,CCTTT,0.0020513061927743704
0,0,CATTA,0.0020384833845029393
0,0,ATTCC,0.002003679209085832
0,0,ATCTA,0.0019848607929356128
0,0,CTTAC,0.0019822454147310144
0,0,AGAAC,0.0019082027566002075
0,0,TACCT,0.0018847879605839051
0,0,GCTGC,0.0018236685140305255
0,0,CACTC,0.0017959826951285444
0,0,AAGAA,0.0017941165042210773
0,0,AGCTT,0.0017535790621516216
0,0,GCATG,0.0017512379640556243
0,0,TAGTG,0.0017269881195332631
0,0,CCCCT,0.0016925553959536265
0,0,CAAGC,0.0016863281019480832
0,0,GAGAA,0.001668873860175351
0,0,CGAAG,0.0016447943466973592
0,0,AGTAA,0.0016434975866093692
0,0,GTTAC,0.001600285475871649
0,0,ACCCC,0.0015848368316529744
0,0,GAAGA,0.001576731901570975
0,0,TGCGC,0.0015623937080423516
0,0,TGTTT,0.0015409063682498701
0,0,GTGAG,0.0015402569110134997
0,0,GGTAA,0.001529334674039519
0,0,TGCCT,0.0015005824795688491
0,0,ACTTC,0.0014950157289045404
0,0,TTACT,0.0014928052403840673
0,0,GAGTG,0.001491198787488133
0,0,GCACT,0.001446775912520397
0,0,GAGTT,0.0013914388346384808
0,0,GCCGC,0.001384159123682114
0,0,TTACC,0.0013599897544068027
0,0,GCCTC,0.0013573449778269573
0,0,TCCAC,0.0013518054262701288
0,0,AGTTA,0.0013485435082251768
1,0,CCACA,0.012525500752121568
1,0,CCACC,0.005122210965099105
1,0,AACAA,0.00430522158921483
1,0,TAGGT,0.004168454423008195
1,0,CAGTT,0.003810500883194337
1,0,TATTC,0.003665797232863415
1,0,GACCT,0.0033037360892238386
1,0,GGCAG,0.002882761140185666
1,0,GATTA,0.0027584532298237444
1,0,CCTGG,0.0024303339691047207
1,0,TGCCC,0.002333571034741689
1,0,TGCCT,0.002216270350548158
1,0,ATTCA,0.0021824218243001454
1,0,TGACT,0.0021280374333082913
1,0,CTTAT,0.001998419233833451
1,0,AGTTT,0.0018197260348193616
1,0,GCTTT,0.0017309031752218683
1,0,TTTAC,0.0017276804849325892
1,0,AGTCG,0.0015364209391984594
1,0,ATTTG,0.0015059301113507834
1,0,ATGAC,0.0014602462031755102
1,0,ACCCA,0.0014511161001331836
1,0,ATGCT,0.00142557003411902
1,0,AACTA,0.0014167495341186065
1,0,GCCCT,0.0013980276613350373
1,0,TAACT,0.0013804226575127568
1,0,CTCAT,0.0013466743101556617
1,0,TGGGT,0.0013393452727651022
1,0,AGACT,0.0013272580971200783
1,0,TCATA,0.001290739839335522
1,0,GTGGC,0.0012851657278566476
1,0,AATGT,0.0012445194893572703
1,0,GGGCT,0.001242599663246109
1,0,AATGA,0.0012399884591619652
1,0,GGGTG,0.0011813081352107496
1,0,GTTTT,0.0011599739811506617
1,0,GCCTG,0.0011527923395834774
1,0,TGGGG,0.0011458513607461769
1,0,TCAGT,0.0011312567505491786
1,0,CACAA,0.0011241656829075642
1,0,GGTGT,0.0011194204709616053
1,0,TCATT,0.0010749198586107738
1,0,CTATT,0.0010601765060999308
1,0,ACAAA,0.0010510645357959241
1,0,TCTTA,0.0009809091507670391
1,0,TGGGC,0.0009539159665624779
1,0,AATAC,0.0009460249040500227
1,0,ATGTA,0.000943250774619091
1,0,GCTGT,0.0009187535349144993
1,0,ACAGT,0.0009110977491700506
1,0,CTCTC,0.008581919169210526
1,0,TGCCC,0.0071152304579694585
1,0,CCCTC,0.006069162389241069
1,0,AGTTT,0.005764867886003241
1,0,TGCCT,0.0056298535362065555
1,0,CCCAC,0.0048528476562126575
1,0,GTAAA,0.0044615859816591425
1,0,CCCCA,0.004291805966072772
1,0,ATTTG,0.004237792757620294
1,0,GTTTT,0.00398516013141138
1,0,TTAAG,0.003984486706644656
1,0,TTGCC,0.003616979637418885
1,0,TTTAC,0.00346735079424927
1,0,GCAGT,0.003272455454949873
1,0,CCTAC,0.0029179170637963765
1,0,GCACA,0.002715836537171559
1,0,TGTAA,0.002594504550278905
1,0,GCCCT,0.0024306408791656955
1,0,CACTA,0.0023095857755965495
1,0,AATAG,0.0022719144282570803
1,0,TAATA,0.002163643623331943
1,0,GCCTC,0.002159482474068561
1,0,GGAAA,0.0020775004593004665
1,0,AAATG,0.0020655657063765698
1,0,TTCCA,0.002016963549407132
1,0,TGACT,0.0019593797624111176
1,0,CAGTG,0.0019121704151831478
1,0,TATGA,0.0018615966819855105
1,0,ATGAC,0.001840577741344291
1,0,TTCTA,0.0018163954906434898
1,0,GGGGA,0.0017916606851370938
1,0,TCCAA,0.001787216009863888
1,0,ATTTC,0.001736589898186994
1,0,GCTCA,0.0017308737319636058
1,0,CTTAT,0.0016895077943083752
1,0,TTATG,0.0016811572194817554
1,0,TCGGC,0.0016446903976331275
1,0,GTAAC,0.0016247077160570994
1,0,AGACT,0.0016168727573141995
1,0,AAAAT,0.0016126517789909639
1,0,TTGGG,0.001579600734164916
1,0,ATAAT,0.0015757492777094784
1,0,AAACA,0.0015652272625859961
1,0,ATACC,0.001554831234087427
1,0,GACTG,0.0015342126499457531
1,0,CTATC,0.0015335162001920033
1,0,AAACC,0.001525928726397365
1,0,CAAAA,0.0015235505998134613
1,0,CTGCT,0.001517293548368546
1,0,TTTTC,0.001494650291391166
1,0,GTGAG,0.009516581803201193
1,0,CCACC,0.0074928584228079005
1,0,ACTTC,0.007368991532957697
1,0,AAGCA,0.0063257745680320695
1,0,ACAAA,0.005594681454710214
1,0,GTGTC,0.005459721144064364
1,0,CAAAA,0.005056324179273054
1,0,GCCTG,0.004351473357304033
1,0,TGACT,0.004272036254405975
1,0,TTGTT,0.0035733519099563
1,0,TTATG,0.0034907140196805977
1,0,ATGCT,0.003404129700488355
1,0,ATTCA,0.0030355691820024007
1,0,CCACA,0.0029601373945374087
1,0,TCTTA,0.002463472266513181
1,0,CAAAT,0.0024021231984517662
1,0,TCAGT,0.002357337399419532
1,0,CAGTG,0.0023526243237127742
1,0,GGCTG,0.0023282613739909895
1,0,GACTG,0.002214889838752976
1,0,CACTA,0.001891744917774775
1,0,AGCAT,0.0018598024834351368
1,0,TTCAG,0.001791874552706638
1,0,TATGA,0.0017082811927939035
1,0,TTTCT,0.001695412289665406
1,0,TGCCC,0.001676272600889206
1,0,AGTGG,0.0016231609575719718
1,0,GTAAA,0.0015740270715161979
1,0,TCATT,0.001538719892142767
1,0,ATTTT,0.0015241742044328206
1,0,GGTGT,0.001464177102568638
1,0,CAAAC,0.0014558497771441218
1,0,GCCCT,0.001428678990846657
1,0,CCCTC,0.0013950728328831225
1,0,TATTC,0.001385106289961252
1,0,CTTCA,0.0013681531670581863
1,0,TTCAT,0.001355576452361532
1,0,ATGGA,0.0013169709548174616
1,0,CTGGG,0.0013145525681685253
1,0,TGTTG,0.0012756129165729844
1,0,GCCTC,0.0012409818998302322
1,0,GTAAC,0.001232171678040401
1,0,GAACA,0.0012244709195142769
1,0,GATGC,0.0012103014412414596
1,0,AATAC,0.0011938212506742362
1,0,TACCT,0.001192822558693139
1,0,GTTGC,0.0011773138609995324
1,0,CATAA,0.0011760842459029462
1,0,AAACC,0.0011447657752467926
1,0,GTTTT,0.001135286033512598
1,0,CCTGC,0.006942353155239519
1,0,GCCCT,0.0019084850707686092
1,0,ACCCA,0.0017580538988113403
1,0,AGACT,0.001671700412968555
1,0,GAGTC,0.0015156681997230254
1,0,TTCAT,0.0014186605631587017
1,0,TAACT,0.001336773475968694
1,0,TGCCT,0.001324629568191896
1,0,CAAAA,0.0011511389390531793
1,0,CTAGA,0.001070049512817199
1,0,CCTAC,0.0009024550756776189
1,0,TACCC,0.000892840954194586
1,0,GGAGC,0.0008373021720403649
1,0,CCCAG,0.0008156105696436871
1,0,GGCAG,0.0007507041635283505
1,0,ACTCT,0.0007357214947780931
1,0,AGCAG,0.0007321945874087782
1,0,TCTTA,0.0007185262728886431
1,0,TGACC,0.0007105988551335162
1,0,TGTCC,0.0006940084767628865
1,0,AGGGA,0.0006902167596012713
1,0,GGTAT,0.0006785202457244137
1,0,TTGAC,0.0006438125687909413
1,0,CACCC,0.0006385382758565696
1,0,CCACC,0.0006353688168238444
1,0,AGCTG,0.0005551296544362264
1,0,GGCAT,0.0005375487976763621
1,0,AAACC,0.0005317888705127211
1,0,TTTCA,0.0005154002861804273
1,0,TAAGG,0.0004915379616151374
1,0,AGGCT,0.00048517839736249074
1,0,CAGGC,0.00048497067876608976
1,0,ATGGA,0.00044833554560879627
1,0,TAAGA,0.00044765188751450506
1,0,AAGTG,0.000442347612725683
1,0,GTTTC,0.00042564359055944235
1,0,AACTA,0.0004041018974350159
1,0,CTGGG,0.00039410698844725826
1,0,GGCCT,0.0003929208201098155
1,0,TTTTT,0.0003832293203078121
1,0,GATTA,0.00038033023656132707
1,0,AGTGA,0.00035529395183884956
1,0,TCAAG,0.00035306757473083864
1,0,GGTGT,0.0003525113844009767
1,0,AATGG,0.0003452467990208821
1,0,TGAGT,0.00033904037561761327
1,0,GAGTG,0.00033774918102356325
1,0,GCTGT,0.00032762231596981185
1,0,CACTA,0.0003270192677716175
1,0,TGGCT,0.0003253095839397017
1,0,TTTCA,0.005965894963367876
1,0,GGGTG,0.0036808202065617204
1,0,TAGGT,0.0035797398851578495
1,0,GTTTT,0.0034967373652630544
1,0,CAGTG,0.0034642302128205815
1,0,TGATT,0.0034505978047129618
1,0,TGTTT,0.0021860646196158536
1,0,CTGCT,0.0019260355866098978
1,0,AAATG,0.0017678346260484442
1,0,TGCTT,0.001455745962728937
1,0,TGTCC,0.0013411890670477625
1,0,GGGAG,0.0013238123382430479
1,0,GAGTC,0.0012785013181617461
1,0,AGTAA,0.0012439325990447078
1,0,CGGCC,0.001167142606643309
1,0,CCCAG,0.0011450001992375017
1,0,ACTAT,0.0011392853346215673
1,0,GTAAA,0.001082612268895988
1,0,CAAAA,0.0009707163974463221
1,0,TGTGC,0.0009306530995541308
1,0,GCTAC,0.0009294443101768034
1,0,GTCCA,0.0009030717683125691
1,0,ACTCT,0.0008436394743172519
1,0,AAACC,0.0008371344890939184
1,0,AAGGG,0.0008289076118584139
1,0,ACCCA,0.000819245555314673
1,0,CACTA,0.0008124368018414601
1,0,GATGC,0.0007635787667998349
1,0,AAAGG,0.0007611089442149702
1,0,TGGAC,0.0007595568895339966
1,0,TGACC,0.0007454769079943737
1,0,ATAGC,0.0007384857499455832
1,0,CAAAG,0.0007380428443472069
1,0,AGATT,0.0007256502846637404
1,0,GTTTA,0.0007049698068434933
1,0,GGCTC,0.0007001721715352621
1,0,ACAAA,0.0006864270172923444
1,0,GCACA,0.0006745854415089251
1,0,TGGGC,0.0006636953856571611
1,0,ACCTA,0.000657901526933693
1,0,GCATA,0.0006442005375781691
1,0,AAACA,0.0006260387150638075
1,0,TTCTA,0.0006173350006700998
1,0,TTTTC,0.00061593860028738
1,0,TTTGT,0.0005964092820523733
1,0,CCCTG,0.0005913960287369877
1,0,CTGTA,0.0005835714828537171
1,0,TTCAG,0.0005786914423287633
1,0,GTGTC,0.0005738823169685272
1,0,GACCT,0.0005730480314737343
